{
    "socket_info": {
        "attack1": {
            "__tuple__": true, 
            "items": [
                "attack1", 
                "youshou2", 
                -0.9887415766716003, 
                0.0, 
                0.0
            ]
        }, 
        "buff": {
            "__tuple__": true, 
            "items": [
                "buff", 
                "Scene Root", 
                0.0, 
                0.0, 
                0.0
            ]
        }, 
        "hit_point": {
            "__tuple__": true, 
            "items": [
                "hit_point", 
                "Scene Root", 
                0.0, 
                0.0, 
                0.0
            ]
        }, 
        "origin": {
            "__tuple__": true, 
            "items": [
                "origin", 
                "tou", 
                0.0, 
                6.327975749969482, 
                0.0
            ]
        }, 
        "sound": {
            "__tuple__": true, 
            "items": [
                "sound", 
                "Scene Root", 
                0.0, 
                0.0, 
                0.0
            ]
        }, 
        "top": {
            "__tuple__": true, 
            "items": [
                "top", 
                "tou", 
                -3.017747640609741, 
                0.0, 
                0.0
            ]
        }, 
        "ui_hp": {
            "__tuple__": true, 
            "items": [
                "ui_hp", 
                "tou", 
                -2.749349594116211, 
                0.0, 
                0.0
            ]
        }
    }
}