{
    "socket_info": {
        "attack1": {
            "__tuple__": true, 
            "items": [
                "attack1", 
                "zuoshou2", 
                -0.7727499008178711, 
                -1.0456039623692734, 
                0.0
            ]
        }, 
        "buff": {
            "__tuple__": true, 
            "items": [
                "buff", 
                "Scene Root", 
                0.0, 
                6.566555976867676, 
                0.0
            ]
        }, 
        "hit_point": {
            "__tuple__": true, 
            "items": [
                "hit_point", 
                "Scene Root", 
                0.0, 
                0.0, 
                0.0
            ]
        }, 
        "origin": {
            "__tuple__": true, 
            "items": [
                "origin", 
                "Scene Root", 
                0.0, 
                0.0, 
                0.0
            ]
        }, 
        "sound": {
            "__tuple__": true, 
            "items": [
                "sound", 
                "Scene Root", 
                0.0, 
                0.0, 
                0.0
            ]
        }, 
        "top": {
            "__tuple__": true, 
            "items": [
                "top", 
                "tou", 
                -2.9780287742614746, 
                0.0, 
                0.0
            ]
        }, 
        "ui_hp": {
            "__tuple__": true, 
            "items": [
                "ui_hp", 
                "tou", 
                0.0419474458808787, 
                6.781346797943115, 
                -0.1343931406736374
            ]
        }
    }
}