{
    "describe": -1167354488, 
    "editor_res": false, 
    "key": 200386, 
    "model_id": 501095, 
    "name": -1377158730, 
    "offical_tags": {
        "__tuple__": true, 
        "items": [
            "code_Realistic", 
            "code_NPC", 
            "code_Adult", 
            "code_Male", 
            "code_Strong", 
            "code_Dragon Boat Festival", 
            "code_White"
        ]
    }, 
    "preview_icon": "UP1ModelPreview/200386", 
    "release_delete": {
        "__tuple__": true, 
        "items": []
    }, 
    "release_hide": false, 
    "res_identify": "", 
    "select_effect_scale": 0.01, 
    "socket_info": {
        "attack1": {
            "__tuple__": true, 
            "items": [
                "attack1", 
                "biped-l-hand", 
                0.0, 
                0.0, 
                0.0
            ]
        }, 
        "attack2": {
            "__tuple__": true, 
            "items": [
                "attack2", 
                "biped-r-hand", 
                0.0, 
                0.0, 
                0.0
            ]
        }, 
        "blood": {
            "__tuple__": true, 
            "items": [
                "blood", 
                "biped", 
                0.0, 
                0.0, 
                0.0
            ]
        }, 
        "centroid": {
            "__tuple__": true, 
            "items": [
                "centroid", 
                "biped", 
                0.0, 
                0.0, 
                0.0
            ]
        }, 
        "foot1": {
            "__tuple__": true, 
            "items": [
                "foot1", 
                "biped-l-foot", 
                0.0, 
                0.0, 
                0.0
            ]
        }, 
        "foot2": {
            "__tuple__": true, 
            "items": [
                "foot2", 
                "biped-r-foot", 
                0.0, 
                0.0, 
                0.0
            ]
        }, 
        "hand1": {
            "__tuple__": true, 
            "items": [
                "hand1", 
                "biped-l-hand", 
                0.0, 
                0.0, 
                0.0
            ]
        }, 
        "hand2": {
            "__tuple__": true, 
            "items": [
                "hand2", 
                "biped-r-hand", 
                0.0, 
                0.0, 
                0.0
            ]
        }, 
        "head": {
            "__tuple__": true, 
            "items": [
                "head", 
                "biped-head", 
                0.0, 
                0.0, 
                0.0
            ]
        }, 
        "hit_point": {
            "__tuple__": true, 
            "items": [
                "hit_point", 
                "biped", 
                0.0, 
                0.0, 
                0.0
            ]
        }, 
        "origin": {
            "__tuple__": true, 
            "items": [
                "origin", 
                "Scene Root", 
                0.0, 
                0.0, 
                0.0
            ]
        }, 
        "root": {
            "__tuple__": true, 
            "items": [
                "root", 
                "Scene Root", 
                0.0, 
                0.0, 
                0.0
            ]
        }, 
        "sound": {
            "__tuple__": true, 
            "items": [
                "sound", 
                "biped-head", 
                -0.2, 
                0.1, 
                0.0
            ]
        }, 
        "top": {
            "__tuple__": true, 
            "items": [
                "top", 
                "biped-head", 
                0.0, 
                0.7, 
                0.0
            ]
        }, 
        "ui_hp": {
            "__tuple__": true, 
            "items": [
                "ui_hp", 
                "biped-head", 
                0.0, 
                0.7, 
                0.0
            ]
        }
    }, 
    "source": "code_Source_Import", 
    "uid": "editor_model_200386"
}