{
    "describe": -1199079470, 
    "editor_res": false, 
    "key": 203098, 
    "map_name": "H54role", 
    "model_id": 506136, 
    "name": -1309297577, 
    "offical_tags": {
        "__tuple__": true, 
        "items": [
            "code_Cartoon", 
            "code_Fantasy", 
            "code_NPC", 
            "code_Male", 
            "code_Minor", 
            "code_Civilian", 
            "code_Strong", 
            "code_Human", 
            "code_Green"
        ]
    }, 
    "preview_icon": "UP1ModelPreview/203098", 
    "release_delete": {
        "__tuple__": true, 
        "items": []
    }, 
    "release_hide": false, 
    "res_identify": "", 
    "select_effect_scale": 0.01, 
    "socket_info": {
        "attack1": {
            "__tuple__": true, 
            "items": [
                "attack1", 
                "Bip001-Weapon_R", 
                0.0, 
                0.0, 
                0.0
            ]
        }, 
        "buff": {
            "__tuple__": true, 
            "items": [
                "buff", 
                "", 
                0.0, 
                0.0, 
                0.0
            ]
        }, 
        "hit_point": {
            "__tuple__": true, 
            "items": [
                "hit_point", 
                "", 
                0.0, 
                0.0, 
                0.0
            ]
        }, 
        "origin": {
            "__tuple__": true, 
            "items": [
                "origin", 
                "Bip001-Weapon_R", 
                0.0, 
                0.0, 
                0.0
            ]
        }, 
        "sound": {
            "__tuple__": true, 
            "items": [
                "sound", 
                "", 
                0.0, 
                0.0, 
                0.0
            ]
        }, 
        "top": {
            "__tuple__": true, 
            "items": [
                "top", 
                "", 
                0.0, 
                0.0, 
                0.0
            ]
        }, 
        "ui_hp": {
            "__tuple__": true, 
            "items": [
                "ui_hp", 
                "", 
                0.0, 
                0.0, 
                0.0
            ]
        }
    }, 
    "source": "code_Source_Import", 
    "uid": "editor_model_203098"
}