{
 "f": [
  {
   "__tuple__": true, 
   "items": [
    "", 
    0, 
    2147483647, 
    "code_explorer_custom_root_folder_name"
   ]
  }
 ], 
 "d": {
  "134241052": {
   "__tuple__": true, 
   "items": [
    2147483647, 
    0
   ]
  }, 
  "134255818": {
   "__tuple__": true, 
   "items": [
    2147483647, 
    1
   ]
  }, 
  "134255451": {
   "__tuple__": true, 
   "items": [
    2147483647, 
    2
   ]
  }, 
  "134240284": {
   "__tuple__": true, 
   "items": [
    2147483647, 
    3
   ]
  }, 
  "134225306": {
   "__tuple__": true, 
   "items": [
    2147483647, 
    4
   ]
  }, 
  "134222068": {
   "__tuple__": true, 
   "items": [
    2147483647, 
    5
   ]
  }, 
  "134223141": {
   "__tuple__": true, 
   "items": [
    2147483647, 
    6
   ]
  }
 }
}