{
 "f": [
  {
   "__tuple__": true, 
   "items": [
    "", 
    0, 
    2147483647, 
    "code_explorer_custom_root_folder_name"
   ]
  }
 ], 
 "d": {
  "134239946": {
   "__tuple__": true, 
   "items": [
    2147483647, 
    0
   ]
  }, 
  "134245664": {
   "__tuple__": true, 
   "items": [
    2147483647, 
    1
   ]
  }, 
  "134261642": {
   "__tuple__": true, 
   "items": [
    2147483647, 
    2
   ]
  }, 
  "134231450": {
   "__tuple__": true, 
   "items": [
    2147483647, 
    3
   ]
  }, 
  "134268717": {
   "__tuple__": true, 
   "items": [
    2147483647, 
    4
   ]
  }, 
  "134279862": {
   "__tuple__": true, 
   "items": [
    2147483647, 
    5
   ]
  }
 }
}