{
 "f": [
  {
   "__tuple__": true, 
   "items": [
    "", 
    0, 
    2147483647, 
    "code_explorer_custom_root_folder_name"
   ]
  }
 ], 
 "d": {
  "134239397": {
   "__tuple__": true, 
   "items": [
    2147483647, 
    0
   ]
  }, 
  "134268729": {
   "__tuple__": true, 
   "items": [
    2147483647, 
    1
   ]
  }, 
  "134279711": {
   "__tuple__": true, 
   "items": [
    2147483647, 
    2
   ]
  }, 
  "134279178": {
   "__tuple__": true, 
   "items": [
    2147483647, 
    3
   ]
  }, 
  "134242454": {
   "__tuple__": true, 
   "items": [
    2147483647, 
    4
   ]
  }, 
  "134274911": {
   "__tuple__": true, 
   "items": [
    2147483647, 
    5
   ]
  }, 
  "134222313": {
   "__tuple__": true, 
   "items": [
    2147483647, 
    6
   ]
  }, 
  "134271245": {
   "__tuple__": true, 
   "items": [
    2147483647, 
    7
   ]
  }, 
  "134233532": {
   "__tuple__": true, 
   "items": [
    2147483647, 
    8
   ]
  }, 
  "134239065": {
   "__tuple__": true, 
   "items": [
    2147483647, 
    9
   ]
  }
 }
}