{
    "local_variable": {
        "620908546": {
            "variable_dict": {
                "POINT": {
                    "point": [
                        0, 
                        0, 
                        0
                    ]
                }, 
                "PROJECTILE_ENTITY": {}, 
                "SFX_KEY": {
                    "path": 0
                }, 
                "TABLE": {}
            }, 
            "variable_length_dict": {
                "path": 0, 
                "point": 0
            }, 
            "variable_type_dict": {
                "path": false, 
                "point": false
            }
        }, 
        "2130620419": {
            "variable_dict": {
                "FLOAT": {
                    "dis": 0.0
                }
            }, 
            "variable_length_dict": {
                "dis": 0
            }, 
            "variable_type_dict": {
                "dis": false
            }
        }
    }, 
    "trigger_dict": {
        "620908546": {
            "action": [
                {
                    "action_type": "SET_VARIABLE", 
                    "args_list": [
                        {
                            "arg_type": 100030, 
                            "args_list": [
                                [
                                    "POINT", 
                                    "point", 
                                    "local"
                                ]
                            ], 
                            "sub_type": 1
                        }, 
                        {
                            "arg_type": 100004, 
                            "args_list": [
                                [
                                    "POINT", 
                                    "target_point", 
                                    "actor"
                                ], 
                                null
                            ], 
                            "sub_type": 19
                        }
                    ], 
                    "bp": false, 
                    "element_id": 6209085460149, 
                    "enable": true
                }, 
                {
                    "action_type": "FORCE_TRANSMIT_UNIT", 
                    "args_list": [
                        {
                            "arg_type": 100006, 
                            "args_list": [], 
                            "sub_type": "ABILITY_OWNER"
                        }, 
                        {
                            "arg_type": 100004, 
                            "args_list": [
                                [
                                    "POINT", 
                                    "point", 
                                    "local"
                                ], 
                                null
                            ], 
                            "sub_type": 19
                        }
                    ], 
                    "bp": false, 
                    "element_id": 6209085460049, 
                    "enable": true, 
                    "op_arg": [
                        {
                            "arg_type": 100001, 
                            "args_list": [
                                true
                            ], 
                            "sub_type": 1
                        }
                    ], 
                    "op_arg_enable": [
                        false
                    ]
                }, 
                {
                    "action_type": "TRANS_UNIT", 
                    "args_list": [
                        {
                            "arg_type": 100006, 
                            "args_list": [], 
                            "sub_type": "ABILITY_OWNER"
                        }, 
                        {
                            "arg_type": 100004, 
                            "args_list": [
                                {
                                    "arg_type": 100006, 
                                    "args_list": [], 
                                    "sub_type": "ABILITY_OWNER"
                                }
                            ], 
                            "sub_type": "FIND_NEAREST_VALID_POSITION"
                        }
                    ], 
                    "bp": false, 
                    "element_id": 620908546700073, 
                    "enable": true
                }, 
                {
                    "action_type": "IMMEDIATELY_CLEAR_CD", 
                    "args_list": [
                        {
                            "arg_type": 100014, 
                            "args_list": [
                                {
                                    "arg_type": 100006, 
                                    "args_list": [], 
                                    "sub_type": "ABILITY_OWNER"
                                }, 
                                {
                                    "arg_type": 100182, 
                                    "args_list": [
                                        3
                                    ], 
                                    "sub_type": 1
                                }, 
                                {
                                    "arg_type": 100039, 
                                    "args_list": [
                                        134248997
                                    ], 
                                    "sub_type": 1
                                }
                            ], 
                            "sub_type": "GET_ABILITY_BY_AID"
                        }
                    ], 
                    "bp": false, 
                    "element_id": 6209085460115, 
                    "enable": true
                }, 
                {
                    "action_type": "SET_VARIABLE", 
                    "args_list": [
                        {
                            "arg_type": 100030, 
                            "args_list": [
                                [
                                    "SFX_KEY", 
                                    "path", 
                                    "local"
                                ]
                            ], 
                            "sub_type": 1
                        }, 
                        {
                            "arg_type": 100066, 
                            "args_list": [
                                102538
                            ], 
                            "sub_type": 1
                        }
                    ], 
                    "bp": false, 
                    "element_id": 6209085460007, 
                    "enable": true
                }, 
                {
                    "action_type": "CREATE_SFX_ON_POINT", 
                    "args_list": [
                        {
                            "arg_type": 100066, 
                            "args_list": [
                                [
                                    "SFX_KEY", 
                                    "path", 
                                    "local"
                                ], 
                                null
                            ], 
                            "sub_type": 4
                        }, 
                        {
                            "arg_type": 100004, 
                            "args_list": [
                                [
                                    "POINT", 
                                    "point", 
                                    "local"
                                ], 
                                null
                            ], 
                            "sub_type": 19
                        }
                    ], 
                    "bp": false, 
                    "element_id": 6209085460009, 
                    "enable": true, 
                    "op_arg": [
                        null, 
                        {
                            "arg_type": 100000, 
                            "args_list": [
                                0.5
                            ], 
                            "sub_type": 1
                        }, 
                        null, 
                        {
                            "arg_type": 100000, 
                            "args_list": [
                                3.0
                            ], 
                            "sub_type": 1
                        }, 
                        null
                    ], 
                    "op_arg_enable": [
                        false, 
                        true, 
                        false, 
                        true, 
                        false
                    ]
                }, 
                {
                    "action_type": "RUN_ONCE_TIMER_NO_SAVE", 
                    "args_list": [
                        {
                            "arg_type": 100000, 
                            "args_list": [
                                0.0
                            ], 
                            "sub_type": 1
                        }, 
                        {
                            "arg_type": 100022, 
                            "args_list": [
                                {
                                    "action_type": "PICK_UNIT_DO_ACTION", 
                                    "args_list": [
                                        {
                                            "arg_type": 100026, 
                                            "args_list": [
                                                {
                                                    "arg_type": 100004, 
                                                    "args_list": [
                                                        {
                                                            "arg_type": 100014, 
                                                            "args_list": [], 
                                                            "sub_type": "CUR_ABILITY"
                                                        }
                                                    ], 
                                                    "sub_type": "ABILITY_RELEASE_POSITION"
                                                }, 
                                                {
                                                    "arg_type": 100211, 
                                                    "args_list": [
                                                        {
                                                            "arg_type": 100002, 
                                                            "args_list": [
                                                                250
                                                            ], 
                                                            "sub_type": 1
                                                        }
                                                    ], 
                                                    "sub_type": "CONST_CIRCULAR_SHAPE"
                                                }
                                            ], 
                                            "op_arg": [
                                                null, 
                                                null, 
                                                null, 
                                                null, 
                                                null, 
                                                null, 
                                                null, 
                                                null, 
                                                null, 
                                                null, 
                                                null, 
                                                null, 
                                                null, 
                                                {
                                                    "arg_type": 100251, 
                                                    "args_list": [
                                                        0
                                                    ], 
                                                    "sub_type": 1
                                                }
                                            ], 
                                            "op_arg_enable": [
                                                false, 
                                                false, 
                                                false, 
                                                false, 
                                                false, 
                                                false, 
                                                false, 
                                                false, 
                                                false, 
                                                false, 
                                                false, 
                                                false, 
                                                false, 
                                                true
                                            ], 
                                            "sub_type": "UNIT_LIST_IN_SHAPE"
                                        }, 
                                        {
                                            "arg_type": 100022, 
                                            "args_list": [
                                                {
                                                    "action_type": "IF_THEN_ELSE", 
                                                    "args_list": [
                                                        {
                                                            "arg_type": 100021, 
                                                            "args_list": [
                                                                {
                                                                    "args_list": [
                                                                        {
                                                                            "arg_type": 100006, 
                                                                            "args_list": [], 
                                                                            "sub_type": "ABILITY_OWNER"
                                                                        }, 
                                                                        {
                                                                            "arg_type": 100006, 
                                                                            "args_list": [], 
                                                                            "sub_type": "FOR_EACH_SELECTED_UNIT"
                                                                        }
                                                                    ], 
                                                                    "condition_type": "IS_ENEMY", 
                                                                    "element_id": 6209085460010, 
                                                                    "enable": true
                                                                }, 
                                                                {
                                                                    "args_list": [
                                                                        {
                                                                            "arg_type": 100010, 
                                                                            "args_list": [
                                                                                {
                                                                                    "arg_type": 100006, 
                                                                                    "args_list": [], 
                                                                                    "sub_type": "FOR_EACH_SELECTED_UNIT"
                                                                                }
                                                                            ], 
                                                                            "sub_type": "GET_UNIT_TYPE"
                                                                        }, 
                                                                        {
                                                                            "arg_type": 100035, 
                                                                            "args_list": [
                                                                                "!="
                                                                            ], 
                                                                            "sub_type": 1
                                                                        }, 
                                                                        {
                                                                            "arg_type": 100010, 
                                                                            "args_list": [
                                                                                2
                                                                            ], 
                                                                            "sub_type": 1
                                                                        }
                                                                    ], 
                                                                    "condition_type": "UNIT_TYPE_COMPARE", 
                                                                    "element_id": 10958151700071, 
                                                                    "enable": true
                                                                }
                                                            ], 
                                                            "sub_type": 1
                                                        }, 
                                                        {
                                                            "arg_type": 100022, 
                                                            "args_list": [
                                                                {
                                                                    "action_type": "APPLY_DAMAGE", 
                                                                    "args_list": [
                                                                        {
                                                                            "arg_type": 100006, 
                                                                            "args_list": [], 
                                                                            "sub_type": "ABILITY_OWNER"
                                                                        }, 
                                                                        {
                                                                            "arg_type": 100014, 
                                                                            "args_list": [], 
                                                                            "sub_type": "CUR_ABILITY"
                                                                        }, 
                                                                        {
                                                                            "arg_type": 100006, 
                                                                            "args_list": [], 
                                                                            "sub_type": "FOR_EACH_SELECTED_UNIT"
                                                                        }, 
                                                                        {
                                                                            "arg_type": 100064, 
                                                                            "args_list": [
                                                                                1
                                                                            ], 
                                                                            "sub_type": 1
                                                                        }, 
                                                                        {
                                                                            "arg_type": 100000, 
                                                                            "args_list": [
                                                                                {
                                                                                    "arg_type": 100014, 
                                                                                    "args_list": [], 
                                                                                    "sub_type": "CUR_ABILITY"
                                                                                }, 
                                                                                {
                                                                                    "arg_type": 100003, 
                                                                                    "args_list": [
                                                                                        "damage"
                                                                                    ], 
                                                                                    "sub_type": 1
                                                                                }
                                                                            ], 
                                                                            "sub_type": "GET_FLOAT_KV"
                                                                        }, 
                                                                        {
                                                                            "arg_type": 100001, 
                                                                            "args_list": [
                                                                                true
                                                                            ], 
                                                                            "sub_type": 1
                                                                        }
                                                                    ], 
                                                                    "bp": false, 
                                                                    "element_id": 6209085460011, 
                                                                    "enable": true, 
                                                                    "op_arg": [
                                                                        {
                                                                            "arg_type": 100001, 
                                                                            "args_list": [
                                                                                true
                                                                            ], 
                                                                            "sub_type": 1
                                                                        }, 
                                                                        {
                                                                            "arg_type": 100001, 
                                                                            "args_list": [
                                                                                true
                                                                            ], 
                                                                            "sub_type": 1
                                                                        }, 
                                                                        {
                                                                            "arg_type": 100001, 
                                                                            "args_list": [
                                                                                true
                                                                            ], 
                                                                            "sub_type": 1
                                                                        }, 
                                                                        null, 
                                                                        null, 
                                                                        null
                                                                    ], 
                                                                    "op_arg_enable": [
                                                                        false, 
                                                                        false, 
                                                                        false, 
                                                                        false, 
                                                                        false, 
                                                                        false
                                                                    ]
                                                                }
                                                            ], 
                                                            "sub_type": 1
                                                        }, 
                                                        {
                                                            "arg_type": 100022, 
                                                            "args_list": [], 
                                                            "sub_type": 1
                                                        }
                                                    ], 
                                                    "bp": false, 
                                                    "element_id": 6209085460012, 
                                                    "enable": true, 
                                                    "fake_op": []
                                                }
                                            ], 
                                            "sub_type": 1
                                        }
                                    ], 
                                    "bp": false, 
                                    "element_id": 6209085460013, 
                                    "enable": true
                                }
                            ], 
                            "sub_type": 1
                        }
                    ], 
                    "bp": false, 
                    "element_id": 6209085460123, 
                    "enable": true, 
                    "local_var": [
                        {}, 
                        {}
                    ]
                }
            ], 
            "call_enabled": true, 
            "condition": [], 
            "enabled": true, 
            "event": [
                {
                    "args_list": [], 
                    "element_id": 6209085460002, 
                    "enable": true, 
                    "event_type": "ABILITY_SP_END"
                }
            ], 
            "group_id": 134273268, 
            "p_trigger_id": null, 
            "trigger_id": 620908546, 
            "trigger_name": "\u65b0\u5efa\u89e6\u53d1\u5668_2", 
            "valid": true
        }, 
        "1139822593": {
            "action": [
                {
                    "action_type": "PLAY_ANIMATION", 
                    "args_list": [
                        {
                            "arg_type": 100006, 
                            "args_list": [], 
                            "sub_type": "ABILITY_OWNER"
                        }, 
                        {
                            "arg_type": 100003, 
                            "args_list": [
                                {
                                    "arg_type": 100014, 
                                    "args_list": [], 
                                    "sub_type": "CUR_ABILITY"
                                }, 
                                {
                                    "arg_type": 100003, 
                                    "args_list": [
                                        "animation"
                                    ], 
                                    "sub_type": 1
                                }
                            ], 
                            "sub_type": "GET_STRING_KV"
                        }, 
                        {
                            "arg_type": 100000, 
                            "args_list": [
                                1.0
                            ], 
                            "sub_type": 1
                        }, 
                        {
                            "arg_type": 100000, 
                            "args_list": [
                                0.0
                            ], 
                            "sub_type": 1
                        }, 
                        {
                            "arg_type": 100000, 
                            "args_list": [
                                -1.0
                            ], 
                            "sub_type": 1
                        }, 
                        {
                            "arg_type": 100001, 
                            "args_list": [
                                false
                            ], 
                            "sub_type": 1
                        }, 
                        {
                            "arg_type": 100001, 
                            "args_list": [
                                true
                            ], 
                            "sub_type": 1
                        }
                    ], 
                    "bp": false, 
                    "element_id": 11398225930006, 
                    "enable": true
                }
            ], 
            "call_enabled": true, 
            "condition": [], 
            "enabled": true, 
            "event": [
                {
                    "args_list": [], 
                    "element_id": 11398225930002, 
                    "enable": true, 
                    "event_type": "ABILITY_PS_START"
                }
            ], 
            "group_id": 134273268, 
            "p_trigger_id": null, 
            "trigger_id": 1139822593, 
            "trigger_name": "\u65b0\u5efa\u89e6\u53d1\u5668", 
            "valid": true
        }, 
        "1689600005": {
            "action": [
                {
                    "action_type": "SET_ENTITY_KV", 
                    "args_list": [
                        {
                            "arg_type": 100006, 
                            "args_list": [], 
                            "sub_type": "ABILITY_OWNER"
                        }, 
                        {
                            "arg_type": 100003, 
                            "args_list": [
                                "\u5fc5\u6740\u51b7\u5374"
                            ], 
                            "sub_type": 1
                        }, 
                        {
                            "arg_type": 100001, 
                            "args_list": [
                                true
                            ], 
                            "sub_type": 1
                        }
                    ], 
                    "bp": false, 
                    "element_id": 16896000050002, 
                    "enable": true
                }
            ], 
            "call_enabled": true, 
            "condition": [], 
            "enabled": true, 
            "event": [
                {
                    "args_list": [], 
                    "element_id": 16896000050001, 
                    "enable": true, 
                    "event_type": "ABILITY_PS_END"
                }
            ], 
            "group_id": 134273268, 
            "p_trigger_id": null, 
            "trigger_id": 1689600005, 
            "trigger_name": "\u65b0\u5efa\u89e6\u53d1\u5668_4", 
            "valid": true
        }, 
        "1890877444": {
            "action": [
                {
                    "action_type": "SET_ENTITY_KV", 
                    "args_list": [
                        {
                            "arg_type": 100006, 
                            "args_list": [], 
                            "sub_type": "ABILITY_OWNER"
                        }, 
                        {
                            "arg_type": 100003, 
                            "args_list": [
                                "\u5fc5\u6740\u51b7\u5374"
                            ], 
                            "sub_type": 1
                        }, 
                        {
                            "arg_type": 100001, 
                            "args_list": [
                                false
                            ], 
                            "sub_type": 1
                        }
                    ], 
                    "bp": false, 
                    "element_id": 18908774440002, 
                    "enable": true
                }
            ], 
            "call_enabled": true, 
            "condition": [], 
            "enabled": true, 
            "event": [
                {
                    "args_list": [], 
                    "element_id": 18908774440001, 
                    "enable": true, 
                    "event_type": "ABILITY_CD_END"
                }
            ], 
            "group_id": 134273268, 
            "p_trigger_id": null, 
            "trigger_id": 1890877444, 
            "trigger_name": "\u65b0\u5efa\u89e6\u53d1\u5668_5", 
            "valid": true
        }, 
        "2130620419": {
            "action": [
                {
                    "action_type": "SET_VARIABLE", 
                    "args_list": [
                        {
                            "arg_type": 100030, 
                            "args_list": [
                                [
                                    "FLOAT", 
                                    "dis", 
                                    "local"
                                ]
                            ], 
                            "sub_type": 1
                        }, 
                        {
                            "arg_type": 100000, 
                            "args_list": [
                                9999.0
                            ], 
                            "sub_type": 1
                        }
                    ], 
                    "bp": false, 
                    "element_id": 21306204190036, 
                    "enable": true
                }, 
                {
                    "action_type": "SET_VARIABLE", 
                    "args_list": [
                        {
                            "arg_type": 100030, 
                            "args_list": [
                                [
                                    "PROJECTILE_ENTITY", 
                                    "target", 
                                    "actor"
                                ]
                            ], 
                            "sub_type": 1
                        }, 
                        {
                            "arg_type": 100077, 
                            "args_list": [], 
                            "sub_type": "NONE_PROJECTILE"
                        }
                    ], 
                    "bp": false, 
                    "element_id": 2130620419190071, 
                    "enable": true
                }, 
                {
                    "action_type": "PICK_PROJECTILE_DO_ACTION", 
                    "args_list": [
                        {
                            "arg_type": 100203, 
                            "args_list": [
                                {
                                    "arg_type": 100004, 
                                    "args_list": [
                                        {
                                            "arg_type": 100014, 
                                            "args_list": [], 
                                            "sub_type": "CUR_ABILITY"
                                        }
                                    ], 
                                    "sub_type": "ABILITY_RELEASE_POSITION"
                                }, 
                                {
                                    "arg_type": 100211, 
                                    "args_list": [
                                        {
                                            "arg_type": 100000, 
                                            "args_list": [
                                                850.0
                                            ], 
                                            "sub_type": 1
                                        }
                                    ], 
                                    "sub_type": "CONST_CIRCULAR_SHAPE"
                                }
                            ], 
                            "op_arg": [
                                {
                                    "arg_type": 100251, 
                                    "args_list": [
                                        0
                                    ], 
                                    "sub_type": 1
                                }
                            ], 
                            "op_arg_enable": [
                                true
                            ], 
                            "sub_type": "PROJECTILE_LIST_IN_SHAPE"
                        }, 
                        {
                            "arg_type": 100022, 
                            "args_list": [
                                {
                                    "action_type": "IF_THEN_ELSE", 
                                    "args_list": [
                                        {
                                            "arg_type": 100021, 
                                            "args_list": [
                                                {
                                                    "args_list": [
                                                        {
                                                            "arg_type": 100006, 
                                                            "args_list": [
                                                                {
                                                                    "arg_type": 100077, 
                                                                    "args_list": [], 
                                                                    "sub_type": "FOR_EACH_SELECTED_PROJECTILE"
                                                                }
                                                            ], 
                                                            "sub_type": "PROJECTILE_OWNER"
                                                        }, 
                                                        {
                                                            "arg_type": 100035, 
                                                            "args_list": [
                                                                "=="
                                                            ], 
                                                            "sub_type": 1
                                                        }, 
                                                        {
                                                            "arg_type": 100006, 
                                                            "args_list": [], 
                                                            "sub_type": "ABILITY_OWNER"
                                                        }
                                                    ], 
                                                    "condition_type": "UNIT_COMPARE", 
                                                    "element_id": 21306204190003, 
                                                    "enable": true
                                                }, 
                                                {
                                                    "args_list": [
                                                        {
                                                            "arg_type": 100021, 
                                                            "args_list": [
                                                                {
                                                                    "args_list": [
                                                                        {
                                                                            "arg_type": 100062, 
                                                                            "args_list": [
                                                                                {
                                                                                    "arg_type": 100077, 
                                                                                    "args_list": [], 
                                                                                    "sub_type": "FOR_EACH_SELECTED_PROJECTILE"
                                                                                }
                                                                            ], 
                                                                            "sub_type": "KEY_OF_PROJECTILE"
                                                                        }, 
                                                                        {
                                                                            "arg_type": 100035, 
                                                                            "args_list": [
                                                                                "=="
                                                                            ], 
                                                                            "sub_type": 1
                                                                        }, 
                                                                        {
                                                                            "arg_type": 100062, 
                                                                            "args_list": [
                                                                                134255455
                                                                            ], 
                                                                            "sub_type": 1
                                                                        }
                                                                    ], 
                                                                    "condition_type": "PROJECTILE_TYPE_COMPARE", 
                                                                    "element_id": 21306204190004, 
                                                                    "enable": true
                                                                }, 
                                                                {
                                                                    "args_list": [
                                                                        {
                                                                            "arg_type": 100062, 
                                                                            "args_list": [
                                                                                {
                                                                                    "arg_type": 100077, 
                                                                                    "args_list": [], 
                                                                                    "sub_type": "FOR_EACH_SELECTED_PROJECTILE"
                                                                                }
                                                                            ], 
                                                                            "sub_type": "KEY_OF_PROJECTILE"
                                                                        }, 
                                                                        {
                                                                            "arg_type": 100035, 
                                                                            "args_list": [
                                                                                "=="
                                                                            ], 
                                                                            "sub_type": 1
                                                                        }, 
                                                                        {
                                                                            "arg_type": 100062, 
                                                                            "args_list": [
                                                                                134225452
                                                                            ], 
                                                                            "sub_type": 1
                                                                        }
                                                                    ], 
                                                                    "condition_type": "PROJECTILE_TYPE_COMPARE", 
                                                                    "element_id": 21306204190005, 
                                                                    "enable": true
                                                                }
                                                            ], 
                                                            "sub_type": 1
                                                        }
                                                    ], 
                                                    "condition_type": "OR", 
                                                    "element_id": 21306204190069, 
                                                    "enable": true
                                                }
                                            ], 
                                            "sub_type": 1
                                        }, 
                                        {
                                            "arg_type": 100022, 
                                            "args_list": [
                                                {
                                                    "action_type": "IF_THEN_ELSE", 
                                                    "args_list": [
                                                        {
                                                            "arg_type": 100021, 
                                                            "args_list": [
                                                                {
                                                                    "args_list": [
                                                                        {
                                                                            "arg_type": 100000, 
                                                                            "args_list": [
                                                                                {
                                                                                    "arg_type": 100004, 
                                                                                    "args_list": [
                                                                                        {
                                                                                            "arg_type": 100014, 
                                                                                            "args_list": [], 
                                                                                            "sub_type": "CUR_ABILITY"
                                                                                        }
                                                                                    ], 
                                                                                    "sub_type": "ABILITY_RELEASE_POSITION"
                                                                                }, 
                                                                                {
                                                                                    "arg_type": 100004, 
                                                                                    "args_list": [
                                                                                        {
                                                                                            "arg_type": 100077, 
                                                                                            "args_list": [], 
                                                                                            "sub_type": "FOR_EACH_SELECTED_PROJECTILE"
                                                                                        }
                                                                                    ], 
                                                                                    "sub_type": "PROJECTILE_ENTITY_POINT"
                                                                                }
                                                                            ], 
                                                                            "sub_type": "GET_POINTS_DIS"
                                                                        }, 
                                                                        {
                                                                            "arg_type": 100015, 
                                                                            "args_list": [
                                                                                "<"
                                                                            ], 
                                                                            "sub_type": 1
                                                                        }, 
                                                                        {
                                                                            "arg_type": 100000, 
                                                                            "args_list": [
                                                                                [
                                                                                    "FLOAT", 
                                                                                    "dis", 
                                                                                    "local"
                                                                                ], 
                                                                                null
                                                                            ], 
                                                                            "sub_type": 2
                                                                        }
                                                                    ], 
                                                                    "condition_type": "FLOAT_COMPARE", 
                                                                    "element_id": 21306204190007, 
                                                                    "enable": true
                                                                }
                                                            ], 
                                                            "sub_type": 1
                                                        }, 
                                                        {
                                                            "arg_type": 100022, 
                                                            "args_list": [
                                                                {
                                                                    "action_type": "SET_VARIABLE", 
                                                                    "args_list": [
                                                                        {
                                                                            "arg_type": 100030, 
                                                                            "args_list": [
                                                                                [
                                                                                    "FLOAT", 
                                                                                    "dis", 
                                                                                    "local"
                                                                                ]
                                                                            ], 
                                                                            "sub_type": 1
                                                                        }, 
                                                                        {
                                                                            "arg_type": 100000, 
                                                                            "args_list": [
                                                                                {
                                                                                    "arg_type": 100004, 
                                                                                    "args_list": [
                                                                                        {
                                                                                            "arg_type": 100014, 
                                                                                            "args_list": [], 
                                                                                            "sub_type": "CUR_ABILITY"
                                                                                        }
                                                                                    ], 
                                                                                    "sub_type": "ABILITY_RELEASE_POSITION"
                                                                                }, 
                                                                                {
                                                                                    "arg_type": 100004, 
                                                                                    "args_list": [
                                                                                        {
                                                                                            "arg_type": 100077, 
                                                                                            "args_list": [], 
                                                                                            "sub_type": "FOR_EACH_SELECTED_PROJECTILE"
                                                                                        }
                                                                                    ], 
                                                                                    "sub_type": "PROJECTILE_ENTITY_POINT"
                                                                                }
                                                                            ], 
                                                                            "sub_type": "GET_POINTS_DIS"
                                                                        }
                                                                    ], 
                                                                    "bp": false, 
                                                                    "element_id": 21306204190008, 
                                                                    "enable": true
                                                                }, 
                                                                {
                                                                    "action_type": "SET_VARIABLE", 
                                                                    "args_list": [
                                                                        {
                                                                            "arg_type": 100030, 
                                                                            "args_list": [
                                                                                [
                                                                                    "PROJECTILE_ENTITY", 
                                                                                    "target", 
                                                                                    "actor"
                                                                                ]
                                                                            ], 
                                                                            "sub_type": 1
                                                                        }, 
                                                                        {
                                                                            "arg_type": 100077, 
                                                                            "args_list": [], 
                                                                            "sub_type": "FOR_EACH_SELECTED_PROJECTILE"
                                                                        }
                                                                    ], 
                                                                    "bp": false, 
                                                                    "element_id": 21306204190009, 
                                                                    "enable": true
                                                                }, 
                                                                {
                                                                    "action_type": "SET_VARIABLE", 
                                                                    "args_list": [
                                                                        {
                                                                            "arg_type": 100030, 
                                                                            "args_list": [
                                                                                [
                                                                                    "POINT", 
                                                                                    "target_point", 
                                                                                    "actor"
                                                                                ]
                                                                            ], 
                                                                            "sub_type": 1
                                                                        }, 
                                                                        {
                                                                            "arg_type": 100004, 
                                                                            "args_list": [
                                                                                {
                                                                                    "arg_type": 100077, 
                                                                                    "args_list": [], 
                                                                                    "sub_type": "FOR_EACH_SELECTED_PROJECTILE"
                                                                                }
                                                                            ], 
                                                                            "sub_type": "PROJECTILE_ENTITY_POINT"
                                                                        }
                                                                    ], 
                                                                    "bp": false, 
                                                                    "element_id": 2130620419190073, 
                                                                    "enable": true
                                                                }
                                                            ], 
                                                            "sub_type": 1
                                                        }, 
                                                        {
                                                            "arg_type": 100022, 
                                                            "args_list": [], 
                                                            "sub_type": 1
                                                        }
                                                    ], 
                                                    "bp": false, 
                                                    "element_id": 21306204190010, 
                                                    "enable": true, 
                                                    "fake_op": []
                                                }
                                            ], 
                                            "sub_type": 1
                                        }, 
                                        {
                                            "arg_type": 100022, 
                                            "args_list": [], 
                                            "sub_type": 1
                                        }
                                    ], 
                                    "bp": false, 
                                    "element_id": 21306204190011, 
                                    "enable": true, 
                                    "fake_op": []
                                }
                            ], 
                            "sub_type": 1
                        }
                    ], 
                    "bp": false, 
                    "element_id": 21306204190006, 
                    "enable": true
                }, 
                {
                    "action_type": "IF_THEN_ELSE", 
                    "args_list": [
                        {
                            "arg_type": 100021, 
                            "args_list": [
                                {
                                    "args_list": [
                                        {
                                            "arg_type": 100077, 
                                            "args_list": [
                                                [
                                                    "PROJECTILE_ENTITY", 
                                                    "target", 
                                                    "actor"
                                                ], 
                                                null
                                            ], 
                                            "sub_type": "VARIABLE"
                                        }
                                    ], 
                                    "condition_type": "TYPE_IS_EXIST", 
                                    "element_id": 21306204190013, 
                                    "enable": true
                                }
                            ], 
                            "sub_type": 1
                        }, 
                        {
                            "arg_type": 100022, 
                            "args_list": [], 
                            "sub_type": 1
                        }, 
                        {
                            "arg_type": 100022, 
                            "args_list": [
                                {
                                    "action_type": "BREAK_ABILITY_CS", 
                                    "args_list": [], 
                                    "bp": false, 
                                    "element_id": 21306204190014, 
                                    "enable": true
                                }
                            ], 
                            "sub_type": 1
                        }
                    ], 
                    "bp": false, 
                    "element_id": 21306204190068, 
                    "enable": true, 
                    "fake_op": [
                        2
                    ]
                }
            ], 
            "call_enabled": true, 
            "condition": [], 
            "enabled": true, 
            "event": [
                {
                    "args_list": [], 
                    "element_id": 21306204190002, 
                    "enable": true, 
                    "event_type": "ABILITY_CS_START"
                }
            ], 
            "group_id": 134273268, 
            "p_trigger_id": null, 
            "trigger_id": 2130620419, 
            "trigger_name": "\u65b0\u5efa\u89e6\u53d1\u5668_3", 
            "valid": true
        }
    }, 
    "trigger_group_info": [
        {
            "_trigger_group_": true, 
            "group": [
                [
                    620908546, 
                    "\u65b0\u5efa\u89e6\u53d1\u5668_2"
                ], 
                [
                    1139822593, 
                    "\u65b0\u5efa\u89e6\u53d1\u5668"
                ], 
                [
                    1689600005, 
                    "\u65b0\u5efa\u89e6\u53d1\u5668_4"
                ], 
                [
                    1890877444, 
                    "\u65b0\u5efa\u89e6\u53d1\u5668_5"
                ], 
                [
                    2130620419, 
                    "\u65b0\u5efa\u89e6\u53d1\u5668_3"
                ]
            ], 
            "key": 134273268, 
            "name": "134273268"
        }
    ], 
    "trigger_version": "1.2", 
    "variable_dict": {
        "POINT": {
            "target_point": [
                0, 
                0, 
                0
            ]
        }, 
        "PROJECTILE_ENTITY": {
            "target": 0
        }
    }, 
    "variable_group_info": [
        [
            "target", 
            "(target)_2"
        ], 
        [
            "target_point", 
            "(target_point)_2"
        ]
    ], 
    "variable_length_dict": {
        "target": 0, 
        "target_point": 0
    }, 
    "variable_type_dict": {
        "target": false, 
        "target_point": false
    }
}