{
    "local_variable": {
        "326660100": {
            "variable_dict": {
                "UNIT_ENTITY": {
                    "caster": 0
                }
            }, 
            "variable_length_dict": {
                "caster": 0
            }, 
            "variable_type_dict": {
                "caster": false
            }
        }
    }, 
    "trigger_dict": {
        "326660100": {
            "action": [
                {
                    "action_type": "SET_VARIABLE", 
                    "args_list": [
                        {
                            "arg_type": 100030, 
                            "args_list": [
                                [
                                    "UNIT_ENTITY", 
                                    "caster", 
                                    "local"
                                ]
                            ], 
                            "sub_type": 1
                        }, 
                        {
                            "arg_type": 100006, 
                            "args_list": [
                                {
                                    "arg_type": 100014, 
                                    "args_list": [], 
                                    "sub_type": "CUR_ABILITY"
                                }
                            ], 
                            "sub_type": "GET_ABILITY_OWNER"
                        }
                    ], 
                    "bp": false, 
                    "element_id": 3266601000013, 
                    "enable": true
                }, 
                1434034178
            ], 
            "call_enabled": true, 
            "condition": [], 
            "enabled": true, 
            "event": [
                {
                    "args_list": [], 
                    "element_id": 3266601000001, 
                    "enable": true, 
                    "event_type": "ABILITY_OBTAIN"
                }
            ], 
            "group_id": 201350912, 
            "p_trigger_id": null, 
            "trigger_id": 326660100, 
            "trigger_name": "The_new_trigger", 
            "valid": false
        }, 
        "1434034178": {
            "action": [
                {
                    "action_type": "ADD_MODIFIER", 
                    "args_list": [
                        {
                            "arg_type": 100006, 
                            "args_list": [], 
                            "sub_type": "DAMAGE_TARGET_UNIT"
                        }, 
                        {
                            "arg_type": 100046, 
                            "args_list": [
                                201386423
                            ], 
                            "sub_type": 1
                        }
                    ], 
                    "bp": false, 
                    "element_id": 14340341780020, 
                    "enable": true, 
                    "op_arg": [
                        {
                            "arg_type": 100006, 
                            "args_list": [
                                [
                                    "UNIT_ENTITY", 
                                    "caster", 
                                    "local"
                                ], 
                                null
                            ], 
                            "sub_type": 11
                        }, 
                        {
                            "arg_type": 100014, 
                            "args_list": [], 
                            "sub_type": "CUR_ABILITY"
                        }, 
                        {
                            "arg_type": 100000, 
                            "args_list": [
                                {
                                    "arg_type": 100014, 
                                    "args_list": [], 
                                    "sub_type": "CUR_ABILITY"
                                }, 
                                {
                                    "arg_type": 100003, 
                                    "args_list": [
                                        "damage interval"
                                    ], 
                                    "sub_type": 1
                                }
                            ], 
                            "sub_type": "GET_FLOAT_KV"
                        }, 
                        null, 
                        null
                    ], 
                    "op_arg_enable": [
                        true, 
                        true, 
                        true, 
                        false, 
                        false
                    ]
                }
            ], 
            "call_enabled": true, 
            "condition": [
                {
                    "args_list": [
                        {
                            "arg_type": 100000, 
                            "args_list": [
                                {
                                    "arg_type": 100014, 
                                    "args_list": [], 
                                    "sub_type": "CUR_ABILITY"
                                }
                            ], 
                            "sub_type": "ABILITY_CD_LEFT_TIME"
                        }, 
                        {
                            "arg_type": 100015, 
                            "args_list": [
                                "=="
                            ], 
                            "sub_type": 1
                        }, 
                        {
                            "arg_type": 100000, 
                            "args_list": [
                                0.0
                            ], 
                            "sub_type": 1
                        }
                    ], 
                    "condition_type": "FLOAT_COMPARE", 
                    "element_id": 14340341780030, 
                    "enable": true
                }, 
                {
                    "args_list": [
                        {
                            "arg_type": 100001, 
                            "args_list": [
                                {
                                    "arg_type": 100006, 
                                    "args_list": [
                                        [
                                            "UNIT_ENTITY", 
                                            "caster", 
                                            "local"
                                        ], 
                                        null
                                    ], 
                                    "sub_type": 11
                                }, 
                                {
                                    "arg_type": 100046, 
                                    "args_list": [
                                        201388830
                                    ], 
                                    "sub_type": 1
                                }
                            ], 
                            "sub_type": "UNIT_HAS_MODIFIER"
                        }, 
                        {
                            "arg_type": 100035, 
                            "args_list": [
                                "=="
                            ], 
                            "sub_type": 1
                        }, 
                        {
                            "arg_type": 100001, 
                            "args_list": [
                                false
                            ], 
                            "sub_type": 1
                        }
                    ], 
                    "condition_type": "BOOL_COMPARE", 
                    "element_id": 16440360970008, 
                    "enable": true
                }
            ], 
            "enabled": false, 
            "event": [
                {
                    "args_list": [
                        {
                            "arg_type": 100006, 
                            "args_list": [
                                {
                                    "arg_type": 100014, 
                                    "args_list": [], 
                                    "sub_type": "CUR_ABILITY"
                                }
                            ], 
                            "sub_type": "GET_ABILITY_OWNER"
                        }, 
                        {
                            "arg_type": 100007, 
                            "args_list": [
                                "ET_UNIT_HURT_OTHER"
                            ], 
                            "sub_type": 1
                        }
                    ], 
                    "element_id": 14340341780003, 
                    "enable": true, 
                    "event_type": "SPECIAL_UNIT_EVENT"
                }
            ], 
            "group_id": 0, 
            "is_conf": true, 
            "p_trigger_id": 326660100, 
            "trigger_id": 1434034178, 
            "trigger_name": "The_child_trigger", 
            "valid": false
        }
    }, 
    "trigger_group_info": [
        [
            1434034178, 
            "The_child_trigger"
        ], 
        {
            "_trigger_group_": true, 
            "group": [
                [
                    326660100, 
                    "The_new_trigger"
                ]
            ], 
            "key": 201350912, 
            "name": "201350912"
        }
    ], 
    "trigger_version": "1.2", 
    "variable_dict": {
        "STRING": {}, 
        "UNIT_ENTITY": {}
    }, 
    "variable_group_info": [
        {
            "group": [], 
            "is_struct": false, 
            "key": "3eksD-mDEeumf6S7bUqaZt", 
            "name": "\u81ea\u5b9a\u4e49\u7ec4"
        }
    ], 
    "variable_length_dict": {}, 
    "variable_type_dict": {}
}