{
    "-2137885560": {
        "key": -2137885560, 
        "value": "\u8fd9\u662f\u4e00\u4e2a\u666e\u901a\u9b54\u6cd5\u6548\u679c\uff0c\u83b7\u5f97\u76f8\u540c\u7684\u9b54\u6cd5\u6548\u679c\u65f6\u4f1a\u88ab\u8986\u76d6\uff0c\u4e0d\u53ef\u53e0\u52a0\u5c42\u6570"
    }, 
    "-2126533865": {
        "key": -2126533865, 
        "value": "\u521b\u5efa\u65b0\u58f0\u97f3"
    }, 
    "-2086278137": {
        "key": -2086278137, 
        "value": "\u8fd9\u662f\u4e00\u4e2a\u666e\u901a\u9b54\u6cd5\u6548\u679c\uff0c\u83b7\u5f97\u76f8\u540c\u7684\u9b54\u6cd5\u6548\u679c\u65f6\u4f1a\u88ab\u8986\u76d6\uff0c\u4e0d\u53ef\u53e0\u52a0\u5c42\u6570"
    }, 
    "-2035474551": {
        "key": -2035474551, 
        "value": "unit_3"
    }, 
    "-2011430250": {
        "key": -2011430250, 
        "value": "\u521b\u5efa\u65b0\u58f0\u97f3"
    }, 
    "-1987662534": {
        "key": -1987662534, 
        "value": ""
    }, 
    "-1980473048": {
        "key": -1980473048, 
        "value": "<html><body><p>\u4e0d\u53ef\u7834\u574f,\u5c5e\u4e8e\u5efa\u7b51</p></body></html>"
    }, 
    "-1949988596": {
        "key": -1949988596, 
        "value": "mu"
    }, 
    "-1937502719": {
        "key": -1937502719, 
        "value": "\u8fd9\u662f\u4e00\u4e2a\u82f1\u96c4"
    }, 
    "-1907952643": {
        "key": -1907952643, 
        "value": "\u7070"
    }, 
    "-1854319035": {
        "key": -1854319035, 
        "value": "\u8fd9\u662f\u4e00\u4e2a\u53ef\u7834\u574f\u7269\u6a21\u677f"
    }, 
    "-1842667750": {
        "key": -1842667750, 
        "value": "unit_2"
    }, 
    "-1725622872": {
        "key": -1725622872, 
        "value": "<html><body><p><br /></p></body></html>"
    }, 
    "-1707950535": {
        "key": -1707950535, 
        "value": "<html><body><p><br /></p></body></html>"
    }, 
    "-1703444124": {
        "key": -1703444124, 
        "value": "<html><body><p>\u8fd9\u662f\u4e00\u4e2a\u7269\u54c1</p></body></html>"
    }, 
    "-1701896245": {
        "key": -1701896245, 
        "value": "\u7070"
    }, 
    "-1690779830": {
        "key": -1690779830, 
        "value": "\u7ea2"
    }, 
    "-1659725914": {
        "key": -1659725914, 
        "value": "\u8fd9\u662f\u4e00\u4e2a\u82f1\u96c4"
    }, 
    "-1647988452": {
        "key": -1647988452, 
        "value": "\u5251"
    }, 
    "-1638785874": {
        "key": -1638785874, 
        "value": "\u8d44\u6e90\u83b7\u53d6\u6210\u529f"
    }, 
    "-1594413900": {
        "key": -1594413900, 
        "value": "\u8910"
    }, 
    "-1545338210": {
        "key": -1545338210, 
        "value": ""
    }, 
    "-1541078855": {
        "key": -1541078855, 
        "value": "\u8fd9\u662f\u4e00\u4e2a\u666e\u901a\u9b54\u6cd5\u6548\u679c\uff0c\u83b7\u5f97\u76f8\u540c\u7684\u9b54\u6cd5\u6548\u679c\u65f6\u4f1a\u88ab\u8986\u76d6\uff0c\u4e0d\u53ef\u53e0\u52a0\u5c42\u6570"
    }, 
    "-1540534636": {
        "key": -1540534636, 
        "value": "\u9776\u5b50"
    }, 
    "-1536076406": {
        "key": -1536076406, 
        "value": "\u80cc\u666f"
    }, 
    "-1492271421": {
        "key": -1492271421, 
        "value": "\u521b\u5efa\u65b0\u58f0\u97f3"
    }, 
    "-1474984371": {
        "key": -1474984371, 
        "value": "\u6325\u62f3"
    }, 
    "-1412327529": {
        "key": -1412327529, 
        "value": "unit_1"
    }, 
    "-1375545248": {
        "key": -1375545248, 
        "value": "xingzoudonghua"
    }, 
    "-1374505286": {
        "key": -1374505286, 
        "value": "\u8fd9\u662f\u4e00\u4e2a\u53ef\u7834\u574f\u7269\u6a21\u677f"
    }, 
    "-1339257564": {
        "key": -1339257564, 
        "value": "<html><body><p>\u4e0d\u53ef\u7834\u574f,\u5c5e\u4e8e\u5efa\u7b51</p></body></html>"
    }, 
    "-1338634344": {
        "key": -1338634344, 
        "value": "unit_3"
    }, 
    "-1333475703": {
        "key": -1333475703, 
        "value": "\u51fa\u751f\u70b9"
    }, 
    "-1242643052": {
        "key": -1242643052, 
        "value": "\u521b\u5efa\u65b0\u58f0\u97f3"
    }, 
    "-1240258516": {
        "key": -1240258516, 
        "value": "<html><body><p>\u6ce5\u571f\u7c7b\u578b\u7684Cube</p></body></html>"
    }, 
    "-1216352394": {
        "key": -1216352394, 
        "value": "\u8840\u91cf"
    }, 
    "-1210297690": {
        "key": -1210297690, 
        "value": "\u53ef\u7834\u574f\u7269\u6a21\u677f"
    }, 
    "-1193308606": {
        "key": -1193308606, 
        "value": ""
    }, 
    "-1131156278": {
        "key": -1131156278, 
        "value": "\u8fd9\u662f\u4e00\u4e2a\u666e\u901a\u9b54\u6cd5\u6548\u679c\uff0c\u83b7\u5f97\u76f8\u540c\u7684\u9b54\u6cd5\u6548\u679c\u65f6\u4f1a\u88ab\u8986\u76d6\uff0c\u4e0d\u53ef\u53e0\u52a0\u5c42\u6570"
    }, 
    "-1126827815": {
        "key": -1126827815, 
        "value": "\u5546\u4eba\u6750\u8d28"
    }, 
    "-1102288187": {
        "key": -1102288187, 
        "value": "\u53d7\u51fb\u53cd\u9988"
    }, 
    "-1050478246": {
        "key": -1050478246, 
        "value": "\u84dd"
    }, 
    "-1000333861": {
        "key": -1000333861, 
        "value": "unit_4"
    }, 
    "-993655439": {
        "key": -993655439, 
        "value": "<html><body><p><span style=\"color:#ff0000;\">\u666e\u653b\u4e3a\u7a7a,\u4f1a\u53d7\u5230\u666e\u653bAI\u7684\u63a7\u5236,\u9047\u5230\u53ef\u4ee5\u653b\u51fb\u7684\u5355\u4f4d\u7684\u65f6\u5019\u4f1a\u81ea\u52a8\u9760\u8fd1\u5e76\u653b\u51fb!!\u8840\u6cea\u554a!!!</span></p></body></html>"
    }, 
    "-992120811": {
        "key": -992120811, 
        "value": ""
    }, 
    "-986030806": {
        "key": -986030806, 
        "value": ""
    }, 
    "-974279473": {
        "key": -974279473, 
        "value": "\u751f\u7269\u6a21\u677f"
    }, 
    "-940580772": {
        "key": -940580772, 
        "value": "\u811a\u6b65\u58f0"
    }, 
    "-926709064": {
        "key": -926709064, 
        "value": ""
    }, 
    "-854001992": {
        "key": -854001992, 
        "value": "\u7ea2"
    }, 
    "-847194038": {
        "key": -847194038, 
        "value": "\u8fd9\u662f\u4e00\u4e2a\u666e\u901a\u9b54\u6cd5\u6548\u679c\uff0c\u83b7\u5f97\u76f8\u540c\u7684\u9b54\u6cd5\u6548\u679c\u65f6\u4f1a\u88ab\u8986\u76d6\uff0c\u4e0d\u53ef\u53e0\u52a0\u5c42\u6570"
    }, 
    "-797153734": {
        "key": -797153734, 
        "value": "\u521b\u5efa\u65b0\u58f0\u97f3"
    }, 
    "-758579953": {
        "key": -758579953, 
        "value": "\u9ed1"
    }, 
    "-705481051": {
        "key": -705481051, 
        "value": "\u8fd9\u662f\u4e00\u4e2a\u666e\u901a\u9b54\u6cd5\u6548\u679c\uff0c\u83b7\u5f97\u76f8\u540c\u7684\u9b54\u6cd5\u6548\u679c\u65f6\u4f1a\u88ab\u8986\u76d6\uff0c\u4e0d\u53ef\u53e0\u52a0\u5c42\u6570"
    }, 
    "-673662007": {
        "key": -673662007, 
        "value": "\u8fd9\u662f\u4e00\u4e2a\u82f1\u96c4"
    }, 
    "-655113332": {
        "key": -655113332, 
        "value": "\u521b\u5efa\u65b0\u6295\u5c04\u7269"
    }, 
    "-650036815": {
        "key": -650036815, 
        "value": "<html><body><p>\u8fd9\u662f\u4e00\u4e2a\u7269\u54c1</p></body></html>"
    }, 
    "-648498295": {
        "key": -648498295, 
        "value": "\u521b\u5efa\u65b0\u58f0\u97f3"
    }, 
    "-610855580": {
        "key": -610855580, 
        "value": "\u521b\u5efa\u65b0\u58f0\u97f3"
    }, 
    "-581175947": {
        "key": -581175947, 
        "value": "<html><body><p>\u4e0d\u53ef\u7834\u574f,\u5c5e\u4e8e\u5efa\u7b51</p></body></html>"
    }, 
    "-455364306": {
        "key": -455364306, 
        "value": "\u8fd9\u662f\u4e00\u4e2a\u7269\u54c1"
    }, 
    "-430232001": {
        "key": -430232001, 
        "value": "1"
    }, 
    "-358658994": {
        "key": -358658994, 
        "value": "\u5546\u5e97"
    }, 
    "-328545099": {
        "key": -328545099, 
        "value": "\u8fd9\u662f\u4e00\u4e2a\u82f1\u96c4"
    }, 
    "-284550883": {
        "key": -284550883, 
        "value": "\u8fd9\u662f\u4e00\u4e2a\u5efa\u7b51"
    }, 
    "-247896777": {
        "key": -247896777, 
        "value": "\u5251\u7684\u6280\u80fd"
    }, 
    "-227527696": {
        "key": -227527696, 
        "value": ""
    }, 
    "-174111577": {
        "key": -174111577, 
        "value": "\u521b\u5efa\u65b0\u58f0\u97f3"
    }, 
    "-53966422": {
        "key": -53966422, 
        "value": "<html><body><p>\u8fd9\u662f\u4e00\u4e2a\u7269\u54c1</p></body></html>"
    }, 
    "-33521478": {
        "key": -33521478, 
        "value": "\u7070"
    }, 
    "18702872": {
        "key": 18702872, 
        "value": "renwu1"
    }, 
    "65936767": {
        "key": 65936767, 
        "value": "\u521b\u5efa\u65b0\u6295\u5c04\u7269"
    }, 
    "67942347": {
        "key": 67942347, 
        "value": "\u8fd9\u662f\u4e00\u4e2a\u82f1\u96c4"
    }, 
    "74656153": {
        "key": 74656153, 
        "value": "\u6325\u5251"
    }, 
    "155212138": {
        "key": 155212138, 
        "value": "unit_1"
    }, 
    "164847874": {
        "key": 164847874, 
        "value": ""
    }, 
    "190908918": {
        "key": 190908918, 
        "value": "\u7ea2\u7684\u6295\u5c04\u7269"
    }, 
    "192517004": {
        "key": 192517004, 
        "value": "<!DOCTYPE HTML PUBLIC \"-//W3C//DTD HTML 4.0//EN\" \"http://www.w3.org/TR/REC-html40/strict.dtd\">\n<html><head><meta name=\"qrichtext\" content=\"1\" /><style type=\"text/css\">\np, li { white-space: pre-wrap; }\n</style></head><body style=\" font-family:                                                                                                                                                                                                   '                                                                                                                                                                                                   Microsoft YaHei,Segoe UI,SimHei,SimSun,Times New Roman,SimSun                                                                                                                                                                                                   '                                                                                                                                                                                                   ; font-size:12px; font-weight:400; font-style:normal;\">\n<p style=\" margin-top:0px; margin-bottom:0px; margin-left:0px; margin-right:0px; -qt-block-indent:0; text-indent:0px;\">\u9776\u5b50</p></body></html>"
    }, 
    "320094700": {
        "key": 320094700, 
        "value": "\u62f3"
    }, 
    "338147479": {
        "key": 338147479, 
        "value": "\u521b\u5efa\u65b0\u58f0\u97f3"
    }, 
    "346596062": {
        "key": 346596062, 
        "value": ""
    }, 
    "350802823": {
        "key": 350802823, 
        "value": "\u89d2\u8272_1"
    }, 
    "375391692": {
        "key": 375391692, 
        "value": "\u84dd"
    }, 
    "402121589": {
        "key": 402121589, 
        "value": "<html><body><p>\u5e8a\u7c7b\u578b\u7684Cube</p></body></html>"
    }, 
    "403155184": {
        "key": 403155184, 
        "value": "\u57fa\u7840\u8d44\u6e90\u5237\u65b0\u58f0"
    }, 
    "406493269": {
        "key": 406493269, 
        "value": "\u8fd9\u662f\u4e00\u4e2a\u53ef\u7834\u574f\u7269\u6a21\u677f"
    }, 
    "424276431": {
        "key": 424276431, 
        "value": "\u8fd9\u662f\u4e00\u4e2a\u666e\u901a\u9b54\u6cd5\u6548\u679c\uff0c\u83b7\u5f97\u76f8\u540c\u7684\u9b54\u6cd5\u6548\u679c\u65f6\u4f1a\u88ab\u8986\u76d6\uff0c\u4e0d\u53ef\u53e0\u52a0\u5c42\u6570"
    }, 
    "447218174": {
        "key": 447218174, 
        "value": "\u521b\u5efa\u65b0\u58f0\u97f3"
    }, 
    "466925050": {
        "key": 466925050, 
        "value": "\u8d44\u6e90\u70b9"
    }, 
    "480595581": {
        "key": 480595581, 
        "value": "<html><body><p>\u539f\u6728\u7c7b\u578b\u7684Cube</p></body></html>"
    }, 
    "518734029": {
        "key": 518734029, 
        "value": "\u8fd9\u662f\u4e00\u4e2a\u7269\u54c1"
    }, 
    "566196750": {
        "key": 566196750, 
        "value": ""
    }, 
    "607397873": {
        "key": 607397873, 
        "value": "\u7070"
    }, 
    "616742494": {
        "key": 616742494, 
        "value": "\u83b7\u53d6\u8d44\u6e90\u58f0"
    }, 
    "648614694": {
        "key": 648614694, 
        "value": "\u8fd9\u662f\u4e00\u4e2a\u82f1\u96c4"
    }, 
    "671058137": {
        "key": 671058137, 
        "value": "<html><body><p>\u8fd9\u662f\u4e00\u4e2a\u7269\u54c1</p></body></html>"
    }, 
    "691932723": {
        "key": 691932723, 
        "value": "\u88c5\u9970\u7269"
    }, 
    "706386913": {
        "key": 706386913, 
        "value": "\u8fd9\u662f\u4e00\u4e2a\u751f\u7269"
    }, 
    "711978353": {
        "key": 711978353, 
        "value": "\u8fd9\u662f\u4e00\u4e2a\u666e\u901a\u9b54\u6cd5\u6548\u679c\uff0c\u83b7\u5f97\u76f8\u540c\u7684\u9b54\u6cd5\u6548\u679c\u65f6\u4f1a\u88ab\u8986\u76d6\uff0c\u4e0d\u53ef\u53e0\u52a0\u5c42\u6570"
    }, 
    "775864778": {
        "key": 775864778, 
        "value": "\u9ad8\u7ea7\u8d44\u6e90\u5237\u65b0\u58f0"
    }, 
    "777115164": {
        "key": 777115164, 
        "value": "<html><body><p>\u8fd9\u662f\u4e00\u4e2a\u7269\u54c1</p></body></html>"
    }, 
    "815763149": {
        "key": 815763149, 
        "value": "\u5251"
    }, 
    "841969010": {
        "key": 841969010, 
        "value": "\u8fd9\u662f\u4e00\u4e2a\u666e\u901a\u9b54\u6cd5\u6548\u679c\uff0c\u83b7\u5f97\u76f8\u540c\u7684\u9b54\u6cd5\u6548\u679c\u65f6\u4f1a\u88ab\u8986\u76d6\uff0c\u4e0d\u53ef\u53e0\u52a0\u5c42\u6570"
    }, 
    "849493540": {
        "key": 849493540, 
        "value": "\u51fa\u751f\u70b9"
    }, 
    "897367028": {
        "key": 897367028, 
        "value": "\u811a\u6b65\u58f0"
    }, 
    "903026447": {
        "key": 903026447, 
        "value": "\u5546\u5e97"
    }, 
    "905399354": {
        "key": 905399354, 
        "value": "\u521b\u5efa\u65b0\u6295\u5c04\u7269"
    }, 
    "907414597": {
        "key": 907414597, 
        "value": "<html><body><p>\u8fd9\u662f\u4e00\u4e2a\u7269\u54c1</p></body></html>"
    }, 
    "925970962": {
        "key": 925970962, 
        "value": "\u8910"
    }, 
    "948783283": {
        "key": 948783283, 
        "value": "\u8fd9\u662f\u4e00\u4e2a\u666e\u901a\u9b54\u6cd5\u6548\u679c\uff0c\u83b7\u5f97\u76f8\u540c\u7684\u9b54\u6cd5\u6548\u679c\u65f6\u4f1a\u88ab\u8986\u76d6\uff0c\u4e0d\u53ef\u53e0\u52a0\u5c42\u6570"
    }, 
    "1007012523": {
        "key": 1007012523, 
        "value": "<html><body><p><br /></p></body></html>"
    }, 
    "1013095227": {
        "key": 1013095227, 
        "value": "\u62f3\u5934"
    }, 
    "1018455709": {
        "key": 1018455709, 
        "value": "\u5251\u7684\u6295\u5c04\u7269"
    }, 
    "1076235170": {
        "key": 1076235170, 
        "value": "\u8fd9\u662f\u4e00\u4e2a\u53ef\u7834\u574f\u7269\u6a21\u677f"
    }, 
    "1178249223": {
        "key": 1178249223, 
        "value": "fangkuai"
    }, 
    "1193474273": {
        "key": 1193474273, 
        "value": ""
    }, 
    "1200403792": {
        "key": 1200403792, 
        "value": ""
    }, 
    "1269168031": {
        "key": 1269168031, 
        "value": "\u84dd"
    }, 
    "1347105451": {
        "key": 1347105451, 
        "value": "\u9ed1"
    }, 
    "1434054321": {
        "key": 1434054321, 
        "value": "\u7070"
    }, 
    "1476082243": {
        "key": 1476082243, 
        "value": "\u51fa\u751f\u70b9"
    }, 
    "1517765530": {
        "key": 1517765530, 
        "value": "\u8fd9\u662f\u4e00\u4e2a\u666e\u901a\u9b54\u6cd5\u6548\u679c\uff0c\u83b7\u5f97\u76f8\u540c\u7684\u9b54\u6cd5\u6548\u679c\u65f6\u4f1a\u88ab\u8986\u76d6\uff0c\u4e0d\u53ef\u53e0\u52a0\u5c42\u6570"
    }, 
    "1519077040": {
        "key": 1519077040, 
        "value": "\u521b\u5efa\u65b0\u58f0\u97f3"
    }, 
    "1522136348": {
        "key": 1522136348, 
        "value": "\u8fd9\u662f\u4e00\u4e2a\u666e\u901a\u9b54\u6cd5\u6548\u679c\uff0c\u83b7\u5f97\u76f8\u540c\u7684\u9b54\u6cd5\u6548\u679c\u65f6\u4f1a\u88ab\u8986\u76d6\uff0c\u4e0d\u53ef\u53e0\u52a0\u5c42\u6570"
    }, 
    "1545104168": {
        "key": 1545104168, 
        "value": "<html><body><p>\u63d0\u5347x\u70b9\u4f24\u5bb3</p></body></html>"
    }, 
    "1635568865": {
        "key": 1635568865, 
        "value": "\u8fd9\u662f\u4e00\u4e2a\u82f1\u96c4"
    }, 
    "1636878663": {
        "key": 1636878663, 
        "value": "\u843d\u5730"
    }, 
    "1702048079": {
        "key": 1702048079, 
        "value": "\u8fd9\u662f\u4e00\u4e2a\u82f1\u96c4"
    }, 
    "1710262932": {
        "key": 1710262932, 
        "value": "\u5546\u4eba\u6750\u8d28_2"
    }, 
    "1726190195": {
        "key": 1726190195, 
        "value": "\u9ed1"
    }, 
    "1779272065": {
        "key": 1779272065, 
        "value": "\u7ea2"
    }, 
    "1783948418": {
        "key": 1783948418, 
        "value": "\u4f24\u5bb3"
    }, 
    "1785915686": {
        "key": 1785915686, 
        "value": "<html><body><p>\u63d0\u5347x\u70b9\u8840\u91cf</p></body></html>"
    }, 
    "1816482690": {
        "key": 1816482690, 
        "value": "<html><body><p>\u4e0d\u53ef\u7834\u574f,\u5c5e\u4e8e\u5efa\u7b51</p></body></html>"
    }, 
    "1828696725": {
        "key": 1828696725, 
        "value": "<html><body><p>\u8fd9\u662f\u4e00\u4e2a\u7269\u54c1</p></body></html>"
    }, 
    "1847357935": {
        "key": 1847357935, 
        "value": "\u521b\u5efa\u4e00\u4e2a\u65b0\u7684\u88c5\u9970\u7269"
    }, 
    "1854178592": {
        "key": 1854178592, 
        "value": "\u5546\u5e97"
    }, 
    "1889297452": {
        "key": 1889297452, 
        "value": "\u6d4b\u8bd5\u6295\u5c04\u7269"
    }, 
    "1949843793": {
        "key": 1949843793, 
        "value": "\u8fd9\u662f\u4e00\u4e2a\u666e\u901a\u9b54\u6cd5\u6548\u679c\uff0c\u83b7\u5f97\u76f8\u540c\u7684\u9b54\u6cd5\u6548\u679c\u65f6\u4f1a\u88ab\u8986\u76d6\uff0c\u4e0d\u53ef\u53e0\u52a0\u5c42\u6570"
    }, 
    "1963892648": {
        "key": 1963892648, 
        "value": "\u53f2\u8482\u592b\u53d7\u4f24\u97f3\u6548"
    }, 
    "1989707664": {
        "key": 1989707664, 
        "value": "\u5c0f\u62f3\u62f3\u9524\u4f60\u80f8\u53e3"
    }, 
    "1999750901": {
        "key": 1999750901, 
        "value": "\u5546\u5e97"
    }, 
    "2009966528": {
        "key": 2009966528, 
        "value": "\u8fd9\u662f\u4e00\u4e2a\u82f1\u96c4"
    }, 
    "2011297242": {
        "key": 2011297242, 
        "value": "\u653e\u7f6e"
    }, 
    "2019628031": {
        "key": 2019628031, 
        "value": "\u82f1\u96c4\u6a21\u677f"
    }, 
    "2029001421": {
        "key": 2029001421, 
        "value": "<html><body><p>\u8fd9\u662f\u4e00\u4e2a\u7269\u54c1</p></body></html>"
    }, 
    "2051701466": {
        "key": 2051701466, 
        "value": "\u521b\u5efa\u65b0\u58f0\u97f3"
    }, 
    "2052181355": {
        "key": 2052181355, 
        "value": "\u8d44\u6e90\u70b9"
    }, 
    "2066911439": {
        "key": 2066911439, 
        "value": "\u521b\u5efa\u65b0\u6295\u5c04\u7269"
    }, 
    "2075739798": {
        "key": 2075739798, 
        "value": "<html><body><p><span style=\"color:#ff0000;\">\u666e\u653b\u4e3a\u7a7a,\u4f1a\u53d7\u5230\u666e\u653bAI\u7684\u63a7\u5236,\u9047\u5230\u53ef\u4ee5\u653b\u51fb\u7684\u5355\u4f4d\u7684\u65f6\u5019\u4f1a\u81ea\u52a8\u9760\u8fd1\u5e76\u653b\u51fb!!\u8840\u6cea\u554a!!!</span></p></body></html>"
    }, 
    "2111993864": {
        "key": 2111993864, 
        "value": "\u8d44\u6e90\u70b9"
    }, 
    "2128593407": {
        "key": 2128593407, 
        "value": "\u8910"
    }, 
    "#14cf596f-68c9-49c3-a23e-7d792a5e9c9d#text": {
        "key": "#14cf596f-68c9-49c3-a23e-7d792a5e9c9d#text", 
        "value": "100\n"
    }, 
    "#152e0a47-2ec4-4d80-a355-ff44069ceb7e#text": {
        "key": "#152e0a47-2ec4-4d80-a355-ff44069ceb7e#text", 
        "value": "\u83b7\u5f97\u91d1\u5e01XX!"
    }, 
    "#17ebf772-a360-409e-9acb-cfede8ae080f#text": {
        "key": "#17ebf772-a360-409e-9acb-cfede8ae080f#text", 
        "value": "<html><body><p>1000</p></body></html>"
    }, 
    "#17eed3f7-9ef2-42c0-94ff-0d7cd32ddb80#text": {
        "key": "#17eed3f7-9ef2-42c0-94ff-0d7cd32ddb80#text", 
        "value": "\u6ce5\u571f"
    }, 
    "#1a7033f7-c619-461d-bc8d-2a7847a3baa5#text": {
        "key": "#1a7033f7-c619-461d-bc8d-2a7847a3baa5#text", 
        "value": "100"
    }, 
    "#1f7f5106-453a-4326-9df4-ee02a6d094ad#text": {
        "key": "#1f7f5106-453a-4326-9df4-ee02a6d094ad#text", 
        "value": "1"
    }, 
    "#251d00cf-ba6d-4f46-84b2-a974b09a8ab7#text": {
        "key": "#251d00cf-ba6d-4f46-84b2-a974b09a8ab7#text", 
        "value": "<html><body><p>\u8be6\u60c5</p></body></html>"
    }, 
    "#292e2aae-2cf8-44df-a7f1-20d652625feb#text": {
        "key": "#292e2aae-2cf8-44df-a7f1-20d652625feb#text", 
        "value": "\u8d2d\u4e70\u6210\u529f!"
    }, 
    "#300c5615-0fc5-4454-9b10-1cf051110336#text": {
        "key": "#300c5615-0fc5-4454-9b10-1cf051110336#text", 
        "value": "\u6ce5\u571f"
    }, 
    "#33d22aaf-f1cb-46f0-8807-6291a368714f#text": {
        "key": "#33d22aaf-f1cb-46f0-8807-6291a368714f#text", 
        "value": "\u51b7\u5374\u4e2d!"
    }, 
    "#393eb7d0-43a0-4cf3-a33f-a39a5cc123ac#text": {
        "key": "#393eb7d0-43a0-4cf3-a33f-a39a5cc123ac#text", 
        "value": "\u751f\u547d"
    }, 
    "#3a28c25b-15f4-4d63-b094-02546dffa6c1#text": {
        "key": "#3a28c25b-15f4-4d63-b094-02546dffa6c1#text", 
        "value": "<html><body><p><span style=\"color:#76c373;\">\u8fd8\u6709x\u79d2\u5237\u65b0\u8d44\u6e90\u70b9</span></p></body></html>"
    }, 
    "#47c6056b-82ca-4bc6-936a-f3869bd9470c#text": {
        "key": "#47c6056b-82ca-4bc6-936a-f3869bd9470c#text", 
        "value": "<html><body><p>\u5546\u54c1\u540d</p></body></html>"
    }, 
    "#55082ce4-3a9c-4bd1-aebc-f586b7db6ce0#text": {
        "key": "#55082ce4-3a9c-4bd1-aebc-f586b7db6ce0#text", 
        "value": "<html><body><p>\u552e\u4ef7</p></body></html>"
    }, 
    "#65587500-3b07-4dc8-b452-2b9e645d42dd#text": {
        "key": "#65587500-3b07-4dc8-b452-2b9e645d42dd#text", 
        "value": "\u653b\u51fbLv+"
    }, 
    "#6595f69d-ec36-4c3c-996d-e347aeca833c#text": {
        "key": "#6595f69d-ec36-4c3c-996d-e347aeca833c#text", 
        "value": "\u751f\u547d"
    }, 
    "#6cee3e16-81bd-42ed-9d48-3dec458b6cb9#text": {
        "key": "#6cee3e16-81bd-42ed-9d48-3dec458b6cb9#text", 
        "value": "\u653b\u51fb"
    }, 
    "#7ae3071b-e7ff-4c8b-8fd1-f8320eba68a6#text": {
        "key": "#7ae3071b-e7ff-4c8b-8fd1-f8320eba68a6#text", 
        "value": "\u8840\u91cfLv+"
    }, 
    "#84323e14-5081-477b-8ff2-78da63bdc0b9#text": {
        "key": "#84323e14-5081-477b-8ff2-78da63bdc0b9#text", 
        "value": "\u539f\u6728"
    }, 
    "#8560df27-95dd-4bd9-b5b9-a98c466bace6#text": {
        "key": "#8560df27-95dd-4bd9-b5b9-a98c466bace6#text", 
        "value": "\u539f\u6728"
    }, 
    "#8cd1a109-7672-4491-98ce-3e2f666e78d9#text": {
        "key": "#8cd1a109-7672-4491-98ce-3e2f666e78d9#text", 
        "value": "<html><body><p>\u8fd9\u662f\u63d0\u793a</p></body></html>"
    }, 
    "#8d81db86-e476-4f0e-a484-0e26a6ac6ff1#text": {
        "key": "#8d81db86-e476-4f0e-a484-0e26a6ac6ff1#text", 
        "value": "<html><body><p><br /><span style=\"color:#000000;\">90</span></p></body></html>"
    }, 
    "#94092d64-7902-41cc-a75f-6a64b047cbd4#text": {
        "key": "#94092d64-7902-41cc-a75f-6a64b047cbd4#text", 
        "value": "90\n"
    }, 
    "#98075944-1419-4cc7-a689-7c8262fa156f#text": {
        "key": "#98075944-1419-4cc7-a689-7c8262fa156f#text", 
        "value": "9999"
    }, 
    "#9ad7afe1-439b-4481-9cd0-de73ae9b5d3a#text": {
        "key": "#9ad7afe1-439b-4481-9cd0-de73ae9b5d3a#text", 
        "value": "\u4e0d\u80fd\u653b\u51fb\u81ea\u5df1\u5bb6\u7684\u5e8a\u5594\uff01"
    }, 
    "#9e276376-0b9f-4f94-969f-82418ad2603d#text": {
        "key": "#9e276376-0b9f-4f94-969f-82418ad2603d#text", 
        "value": "9999"
    }, 
    "#9f3ad687-ca63-420a-9f0b-5b777e9dd013#text": {
        "key": "#9f3ad687-ca63-420a-9f0b-5b777e9dd013#text", 
        "value": "<html><body><p>$10</p></body></html>"
    }, 
    "#a16ec310-b927-4aec-8a86-a8839b9eb2f1#normal_text": {
        "key": "#a16ec310-b927-4aec-8a86-a8839b9eb2f1#normal_text", 
        "value": "\u8d2d\u4e70"
    }, 
    "#a16ec310-b927-4aec-8a86-a8839b9eb2f1#press_text": {
        "key": "#a16ec310-b927-4aec-8a86-a8839b9eb2f1#press_text", 
        "value": "\u8d2d\u4e70"
    }, 
    "#a16ec310-b927-4aec-8a86-a8839b9eb2f1#suspend_text": {
        "key": "#a16ec310-b927-4aec-8a86-a8839b9eb2f1#suspend_text", 
        "value": "\u8d2d\u4e70"
    }, 
    "#a7d57328-34a2-4d83-b921-324ee99571bc#text": {
        "key": "#a7d57328-34a2-4d83-b921-324ee99571bc#text", 
        "value": "<html><body><p>\u8fd9\u662f\u5546\u54c1\u7684\u8be6\u7ec6\u63cf\u8ff0,\u53ef\u80fd\u5305\u62ec\u4f5c\u7528,\u4f7f\u7528\u8bf4\u660e\u7b49\u60c5\u51b5</p></body></html>"
    }, 
    "#b6ebda7f-92be-4f76-b84d-eb87b96e145a#text": {
        "key": "#b6ebda7f-92be-4f76-b84d-eb87b96e145a#text", 
        "value": "<html><body><p>\u5546\u5e97</p></body></html>"
    }, 
    "#b9ab49b8-1d1a-4f8d-86fa-1526a815e68a#text": {
        "key": "#b9ab49b8-1d1a-4f8d-86fa-1526a815e68a#text", 
        "value": "<html><body><p><span style=\"color:#51d7a9;\">$99</span></p></body></html>"
    }, 
    "#bb65d17b-4d8e-4b06-9e57-b7a9a95c9d5b#text": {
        "key": "#bb65d17b-4d8e-4b06-9e57-b7a9a95c9d5b#text", 
        "value": "100"
    }, 
    "#bfc22998-fa6f-4502-b803-8a19feb4a35a#text": {
        "key": "#bfc22998-fa6f-4502-b803-8a19feb4a35a#text", 
        "value": "<html><body><p><span style=\"color:#ff0000;\">\u5e8a\u88ab\u653b\u51fb! ! !</span></p></body></html>"
    }, 
    "#c07f27e2-817d-4066-a8c2-f31c1de49fd6#normal_text": {
        "key": "#c07f27e2-817d-4066-a8c2-f31c1de49fd6#normal_text", 
        "value": ""
    }, 
    "#c611ad44-8f65-496e-8848-0aa986fd1d28#text": {
        "key": "#c611ad44-8f65-496e-8848-0aa986fd1d28#text", 
        "value": "90\n"
    }, 
    "#c6462196-8f8c-44c5-8425-d6291a49c225#text": {
        "key": "#c6462196-8f8c-44c5-8425-d6291a49c225#text", 
        "value": "\u653b\u51fb"
    }, 
    "#db17d213-fbbd-43ef-bf68-c1bab937309e#text": {
        "key": "#db17d213-fbbd-43ef-bf68-c1bab937309e#text", 
        "value": "\u5546\u5e97\n"
    }, 
    "#e9cee04a-8fd3-464b-9551-09f22ce76405#text": {
        "key": "#e9cee04a-8fd3-464b-9551-09f22ce76405#text", 
        "value": "<html><body><p><span style=\"color:#000000;\">\u8fd9\u662f\u5546\u54c1\u7684\u8be6\u7ec6\u63cf\u8ff0,\u53ef\u80fd\u5305\u62ec\u4f5c\u7528,\u4f7f\u7528\u8bf4\u660e\u7b49\u60c5\u51b5</span></p></body></html>"
    }, 
    "#f24cd77c-b13c-49da-a2aa-d3b99de04c2f#text": {
        "key": "#f24cd77c-b13c-49da-a2aa-d3b99de04c2f#text", 
        "value": "\u539f\u6728"
    }, 
    "#f768f130-50e8-41fb-969e-40fa34fa443d#text": {
        "key": "#f768f130-50e8-41fb-969e-40fa34fa443d#text", 
        "value": "$10"
    }, 
    "#fbbdc1aa-8cff-440a-b74a-d5dc537fe3fd#text": {
        "key": "#fbbdc1aa-8cff-440a-b74a-d5dc537fe3fd#text", 
        "value": "50"
    }, 
    "$code_camp_referee": {
        "key": "$code_camp_referee", 
        "value": "$code_camp_referee"
    }, 
    "$faction 1": {
        "key": "$faction 1", 
        "value": "\u9635\u8425 1"
    }, 
    "$faction 2": {
        "key": "$faction 2", 
        "value": "\u9635\u8425 2"
    }, 
    "$faction 9999": {
        "key": "$faction 9999", 
        "value": "\u4e2d\u7acb"
    }, 
    "$player 1": {
        "key": "$player 1", 
        "value": "\u73a9\u5bb6 1"
    }, 
    "$player 10": {
        "key": "$player 10", 
        "value": "\u73a9\u5bb6 10"
    }, 
    "$player 11": {
        "key": "$player 11", 
        "value": "\u73a9\u5bb6 11"
    }, 
    "$player 12": {
        "key": "$player 12", 
        "value": "\u73a9\u5bb6 12"
    }, 
    "$player 2": {
        "key": "$player 2", 
        "value": "\u73a9\u5bb6 2"
    }, 
    "$player 3": {
        "key": "$player 3", 
        "value": "\u73a9\u5bb6 3"
    }, 
    "$player 31": {
        "key": "$player 31", 
        "value": "\u4e2d\u7acb \u654c\u5bf9"
    }, 
    "$player 32": {
        "key": "$player 32", 
        "value": "\u4e2d\u7acb \u53cb\u5584"
    }, 
    "$player 4": {
        "key": "$player 4", 
        "value": "\u73a9\u5bb6 4"
    }, 
    "$player 5": {
        "key": "$player 5", 
        "value": "\u73a9\u5bb6 5"
    }, 
    "$player 6": {
        "key": "$player 6", 
        "value": "\u73a9\u5bb6 6"
    }, 
    "$player 7": {
        "key": "$player 7", 
        "value": "\u73a9\u5bb6 7"
    }, 
    "$player 8": {
        "key": "$player 8", 
        "value": "\u73a9\u5bb6 8"
    }, 
    "$player 9": {
        "key": "$player 9", 
        "value": "\u73a9\u5bb6 9"
    }
}