{
    "0": 2, 
    "1": 1, 
    "5": 1, 
    "6": 0, 
    "102": 0, 
    "104": 500, 
    "107": 0, 
    "108": 100, 
    "_custom_": true, 
    "_ref_": 134227261, 
    "attach_model_list": [], 
    "cycle_time": 0, 
    "description": -2086278137, 
    "disappear_when_dead": true, 
    "get_effect_list": [], 
    "halo_effect": 0, 
    "ign_inf_unit_tag": {
        "__tuple__": true, 
        "items": []
    }, 
    "ign_inf_unit_type": 2, 
    "inf_unit_tag": [], 
    "influence_rng": 0, 
    "is_influence_self": true, 
    "key": 134221396, 
    "kv": {}, 
    "layer_change_of_cover": 1, 
    "layer_max": 1, 
    "lose_effect_list": {
        "__tuple__": true, 
        "items": []
    }, 
    "material_alpha": 1.0, 
    "material_change": 1, 
    "material_color": [
        255, 
        2, 
        6
    ], 
    "material_color_intensity": 1.0, 
    "model": 134225306, 
    "modifier_cover_type": 1, 
    "modifier_effect": 1, 
    "modifier_icon": 106350, 
    "modifier_type": 1, 
    "name": -1102288187, 
    "same_origin_cover": false, 
    "shield_change_of_cover": 2, 
    "shield_type": 1, 
    "shield_value": 0.0, 
    "show_on_ui": false, 
    "sound_event_list": {
        "__tuple__": true, 
        "items": []
    }, 
    "suffix": "", 
    "tags": {
        "__tuple__": true, 
        "items": []
    }, 
    "target_allow": 1, 
    "time_change_of_cover": 1, 
    "uid": "134221396"
}